Sahnewal( LUH ), 30.850359856170176 , 75.95707224036518 , 100000
Solapur( SSE ), 17.625415183635024 , 75.93305977107549 , 100000
Birsa Munda( IXR ), 23.317724598996193 , 85.3235970368767 , 100000
Ahwaz( AWZ ), 31.343158556075725 , 48.74710654359313 , 100000
Gwalior( GWL ), 26.28548769793701 , 78.21721865463483 , 100000
Hodeidah Int'l( HOD ), 14.755253441372462 , 42.97109630194003 , 100000
Devi Ahilyabai Holkar Int'l( IDR ), 22.72774918757095 , 75.8092915005895 , 100000
Gandhinagar( ISK ), 19.966020567280626 , 73.81056749246886 , 100000
Chandigarh Int'l( IXC ), 30.670724894966725 , 76.80172611052417 , 100000
Aurangabad( IXU ), 19.867296962108234 , 75.39584329220051 , 100000
Faisalabad Int'l( LYP ), 31.362743548086222 , 72.9878190922305 , 100000
Omsk Tsentralny( OMS ), 54.95764829340594 , 73.3163595376585 , 100000
Novosibirsk Tolmachev( OVB ), 55.00958471362636 , 82.66715245258652 , 100000
Zaporozhye Int'l( OZH ), 47.873263557902284 , 35.30187285752786 , 100000
Simpang Tiga( PKU ), 0.464600872998505 , 101.44656929844086 , 100000
Rota Int'l( ROP ), 14.171771297121616 , 145.24398029858185 , 100000
Surgut( SGC ), 61.340167219448126 , 73.40849647643748 , 100000
Tiruchirappalli( TRZ ), 10.76035713065535 , 78.7089578747476 , 100000
Turbat Int'l( TUK ), 25.988794590011004 , 63.027933351918136 , 100000
Quetta Int'l( UET ), 30.249043186181034 , 66.94873114809494 , 100000
Zahedan Int'l( ZAH ), 29.475294195657344 , 60.90070856491495 , 100000
Abdul Rachman Saleh( MLG ), -7.929980028405668 , 112.71141861725775 , 100000
Barnaul( BAX ), 53.3633850813046 , 83.55045321240377 , 100000
Adampur( VIAX ), 31.43294223977149 , 75.75848284560045 , 100000
Bareilly( VIBY ), 28.421808716114356 , 79.45200268765704 , 100000
Dhamial( OPQS ), 33.56141462788605 , 73.03204983920023 , 100000
Cheongju Int'l( CJJ ), 36.72202277666726 , 127.49591612468085 , 100000
Gwangju( KWJ ), 35.14000513901977 , 126.81083948122644 , 100000
Daegu Int'l( TAE ), 35.89992779690866 , 128.63753769993312 , 100000
Ulsan( USN ), 35.59289575271069 , 129.35573104752825 , 100000
Radin Inten II( WIIT ), -5.242566777131995 , 105.17606041916142 , 100000
Allahabad( IXD ), 25.443522027820965 , 81.73172714621872 , 100000
Chelyabinsk( CEK ), 55.29779194960553 , 61.51225897402009 , 100000
Tainan( TNN ), 22.950667918346994 , 120.20973331809326 , 100000
Taichung( RMQ ), 24.26665555671146 , 120.63070354758395 , 100000
Rotterdam The Hague( RTM ), 51.94913018993815 , 4.433844349628765 , 100000
Voronezh-Chertovitskoye( VOZ ), 51.81261712683441 , 39.22544964479734 , 100000
Liverpool John Lennon( LPL ), 53.336375105442215 , -2.858620657849379 , 100000
Vishakapatnam( VTZ ), 17.7279577384364 , 83.2235216387465 , 100000
Sultan Hasanuddin Int'l( UPG ), -5.058936894557788 , 119.54569134215063 , 100000
Vava'u Int'l( VAV ), -18.586005855065373 , -173.96809394415877 , 100000
Newcastle Int'l( NCL ), 55.037084860801954 , -1.71034578407216 , 100000
Goloson Int'l( LCE ), 15.74515966591258 , -86.8514685020011 , 100000
Madinah Int'l( MED ), 24.54423396056608 , 39.69913595604174 , 100000
Mirabel Int'l( YMX ), 45.68322509792671 , -74.02873829848139 , 100000
Palanga Int'l( PLQ ), 55.971342623535804 , 21.09744639862514 , 100000
Jaipur Int'l( JAI ), 26.821179810060464 , 75.80101041926682 , 100000
Sonari( IXW ), 22.815414511024233 , 86.17246623637757 , 100000
Yenisehir( YEI ), 40.255539500747304 , 29.54492 , 100000
Adana Sakirpasa( ADA ), 36.9852090641795 , 35.29696142683381 , 100000
Kodiak( ADQ ), 57.74859210704827 , -152.4856385152345 , 100000
Amarillo Int'l( AMA ), 35.218403191939814 , -101.70535277269678 , 100000
Alice Springs( ASP ), -23.801968 , 133.902918 , 100000
Raja Sansi Int'l( ATQ ), 31.706822025888847 , 74.80715597198244 , 100000
Biju Patnaik( BBI ), 20.252665975473413 , 85.81688995444293 , 100000
Bethel( BET ), 60.77873798340883 , -161.8389869594397 , 100000
Palonegro( BGA ), 7.127709154026846 , -73.18092077253607 , 100000
Birmingham Int'l( BHM ), 33.56186728280577 , -86.75237736154624 , 100000
Broken Hill( BHQ ), -31.998996737463017 , 141.47040730309726 , 100000
Logan Int'l( BIL ), 45.803685571527836 , -108.53692938812462 , 100000
Bismarck Muni.( BIS ), 46.77510666616138 , -100.75747130371745 , 100000
Del Bajio Int'l( BJX ), 20.98588712119381 , -101.47875338246688 , 100000
Benin( BNI ), 6.317166892078184 , 5.603682560067003 , 100000
Bourgas( BOJ ), 42.56708354877019 , 27.51640936629526 , 100000
Bremen( BRE ), 53.052287104156015 , 8.7858617703132 , 100000
Jacinto Lara Int'l( BRM ), 10.0453 , -69.356102 , 100000
Brownsville-South Padre Island Int'l( BRO ), 25.906274354534673 , -97.43176534023202 , 100000
Bristol Int'l( BRS ), 51.38629341891484 , -2.710864691343084 , 100000
Baton Rouge Metro( BTR ), 30.532613804058556 , -91.15675440481048 , 100000
Bratislava-M.R. ├Е┬аtef├Г┬бnik( BTS ), 48.16983790625349 , 17.19998500222079 , 100000
Burlington Int'l( BTV ), 44.469206604073214 , -73.15507877906677 , 100000
Columbia Metro( CAE ), 33.934205458427535 , -81.10933524293772 , 100000
Calicut Int'l( CCJ ), 11.1395520526064 , 75.95099306305104 , 100000
Cocos (Keeling) Islands( CCK ), -12.185158595329305 , 96.82874721442073 , 100000
Corfu Int'l (Ioannis Kapodistrias)( CFU ), 39.60675545052586 , 19.914756164166214 , 100000
Changchun Longjia Int'l( CGQ ), 43.99301147957697 , 125.69045681299836 , 100000
Charleston Int'l( CHS ), 32.884530156296464 , -80.03693374382624 , 100000
Coimbatore( CJB ), 11.030141512598268 , 77.03889377226204 , 100000
Someseni( CLJ ), 46.78266263402428 , 23.68698126804856 , 100000
Ignacio Agramonte( CMW ), 21.424703728196057 , -77.84510399351666 , 100000
Casper/Natrona County Int'l( CPR ), 42.89719004830057 , -106.46444480969178 , 100000
Clark Int'l( CRK ), 15.187642242388833 , 120.55077022391397 , 100000
Yeager( CRW ), 38.37059143728646 , -81.5964164667526 , 100000
Catania Fontanarossa( CTA ), 37.470072800341015 , 15.067460500705343 , 100000
Chetumal Int'l( CTM ), 18.506434233376005 , -88.3242600415365 , 100000
Cardiff( CWL ), 51.39862209110174 , -3.339568764291176 , 100000
Gerrard Smith( CYB ), 19.68986539628435 , -79.87946163800297 , 100000
Cozumel Int'l( CZM ), 20.51155437716472 , -86.93040640704362 , 100000
James M. Cox Dayton Int'l( DAY ), 39.8990402865362 , -84.22045942381024 , 100000
Dubbo( DBO ), -32.218681 , 148.569717 , 100000
Washington Nat'l( DCA ), 38.853716201212265 , -77.04333739256312 , 100000
Durango Int'l( DGO ), 24.12619483261825 , -104.53384602496385 , 100000
Voloskoye( DNK ), 48.36757180211169 , 35.09390602249747 , 100000
Donetsk( DOK ), 48.06916712855819 , 37.744808557210334 , 100000
Santa Bernardina Int'l( DZO ), -33.35910844755007 , -56.49926362137442 , 100000
Edinburgh Int'l( EDI ), 55.9485540113639 , -3.364284685135545 , 100000
Terrance B. Lettsome Int'l( EIS ), 18.444361855798306 , -64.53715143657945 , 100000
Elko Reg.( EKO ), 40.82760588152249 , -115.78647923224912 , 100000
Ensenada( ESE ), 31.797713976056865 , -116.59572440041782 , 100000
Vagar Faroe( FAE ), 62.0625 , -7.2708 , 100000
Hector Int'l( FAR ), 46.919817881132275 , -96.8254561269675 , 100000
Fresno Yosemite Int'l( FAT ), 36.76981283739594 , -119.72000132357581 , 100000
Flagstaff Pulliam( FLG ), 35.13891167579759 , -111.6746561716751 , 100000
Mundo Maya Int'l( FRS ), 16.914974164222567 , -89.87784042265082 , 100000
Sioux Falls Reg.( FSD ), 43.58019349727632 , -96.73138310175408 , 100000
Spokane Int'l( GEG ), 47.62547812783678 , -117.53683662858516 , 100000
Exuma Int'l( GGT ), 23.56388290692585 , -75.87261308530395 , 100000
Gibraltar( GIB ), 36.15127475041734 , -5.346771800333878 , 100000
Gerald R. Ford Int'l( GRR ), 42.88477760209079 , -85.52957320727401 , 100000
Triad Int'l( GSO ), 36.105378199893245 , -79.93648675774836 , 100000
Great Falls Int'l( GTF ), 47.482270729263035 , -111.35668472784 , 100000
Gaziantep Int'l( GZT ), 36.945363344687536 , 37.473803252189995 , 100000
Hubli( HBX ), 15.359183338622918 , 75.08631556802813 , 100000
Hat Yai Int'l( HDY ), 6.93634231940664 , 100.39375127467132 , 100000
Hefei-Luogang( HFE ), 31.77985767957784 , 117.30419701588772 , 100000
Hurghada Int'l( HRG ), 27.18042609181859 , 33.807160641411784 , 100000
Kharkov Int'l( HRK ), 49.92153606315507 , 36.28220107735029 , 100000
Huntsville Int'l( HSV ), 34.648334460931935 , -86.77494305633734 , 100000
Ibadan( IBA ), 7.360343972693927 , 3.973813343322902 , 100000
Kansas City Int'l( ICT ), 37.6529279603903 , -97.4287387683976 , 100000
Wilmington Int'l( ILM ), 34.266784067199566 , -77.91037565604692 , 100000
Ilorin Int'l( ILR ), 8.435376519352406 , 4.494840388199345 , 100000
Falls Int'l( INL ), 48.56599308484143 , -93.39800275527939 , 100000
Inverness( INV ), 57.53950029234238 , -4.063591755871405 , 100000
Imperial Cty.( IPL ), 32.8339586685524 , -115.57199556657955 , 100000
Jammu( IXJ ), 32.68104288862249 , 74.8423077638915 , 100000
Madurai( IXM ), 9.837186278775658 , 78.09113949371941 , 100000
Jodhpur( JDH ), 26.26376234583514 , 73.05054918956712 , 100000
Jabalpur( JLR ), 23.1845328746465 , 80.0587438885277 , 100000
Kilimanjaro Int'l( JRO ), -3.424444959981779 , 37.06518960677478 , 100000
Kaduna( KAD ), 10.694619286239067 , 7.325253474074342 , 100000
Kananga( KGA ), -5.900166562270408 , 22.47833324826895 , 100000
Kumasi( KMS ), 6.714606387503645 , -1.592575265823615 , 100000
Vina del Mar( KNA ), -32.94839176513599 , -71.4806025354969 , 100000
Kanpur( KNU ), 26.40416824402508 , 80.41447036924616 , 100000
Kona Int'l at Keahole( KOA ), 19.737099139944235 , -156.04088947105768 , 100000
Kirkwall( KOI ), 58.95442887883035 , -2.901378495245077 , 100000
Kota( KTU ), 25.16341871667427 , 75.85049779445515 , 100000
Konya( KYA ), 37.98399455316949 , 32.575673266968714 , 100000
Blue Grass( LEX ), 38.03742731813716 , -84.59826819187857 , 100000
Lihue( LIH ), 21.978124316208824 , -159.34908429052206 , 100000
Clinton National( LIT ), 34.728430041517875 , -92.22058813192886 , 100000
Los Mochis( LMM ), 25.68850882609902 , -109.08269464526103 , 100000
Venustiano Carranza Int'l( LOV ), 26.955392716069884 , -101.46496003175058 , 100000
Laredo Int'l( LRD ), 27.54366571758247 , -99.45566039765133 , 100000
Sumburgh( LSI ), 59.87668995989993 , -1.288060688387535 , 100000
Bassel Al-Assad Int'l( LTK ), 35.407311459674354 , 35.944240709666296 , 100000
London Luton( LTN ), 51.8802952570969 , -0.376227267397439 , 100000
Svalbard Longyear( LYR ), 78.246717 , 15.495229 , 100000
Sangster Int'l( MBJ ), 18.501154929824885 , -77.91839076357516 , 100000
Mandalay Int'l( MDL ), 21.705549068027405 , 95.97065359502169 , 100000
Chicago Midway Int'l( MDW ), 41.78834925974092 , -87.74212668856121 , 100000
Eloy Alfaro Int'l( MEC ), -0.949557002112883 , -80.68338459957742 , 100000
Montgomery Reg.( MGM ), 32.304587990963064 , -86.39030746026862 , 100000
Manchester-Boston Reg.( MHT ), 42.92791399458855 , -71.43752390918567 , 100000
Maiduguri Int'l( DNMA ), 11.853471318852687 , 13.085139016247085 , 100000
Mbuji Mayi( MJM ), -6.124845413488115 , 23.572109198905228 , 100000
Minot Int'l( MOT ), 48.25560492128391 , -101.29138553129988 , 100000
Missoula Int'l( MSO ), 46.91876047688307 , -114.08369492365063 , 100000
Gen R.S. Taboada Int'l( MXL ), 32.628564332460684 , -115.24787404784124 , 100000
Malpensa( MXP ), 45.62744051403809 , 8.712959535024368 , 100000
Norfolk Island( NLK ), -29.035159255527493 , 167.94339411620473 , 100000
Nurnberg( NUE ), 49.49450521703445 , 11.077417973909556 , 100000
Odessa Int'l( ODS ), 46.44062687591064 , 30.676830831020588 , 100000
Gold Coast( OOL ), -28.166516854020163 , 153.5128762643033 , 100000
Oran Es Senia( ORN ), 35.62027473127345 , -0.60679696443112 , 100000
Lok Nayak Jaiprakash( PAT ), 25.594443429560453 , 85.09090213146632 , 100000
Paysandu( PDU ), -32.36145452927226 , -58.0685346825257 , 100000
Paphos Int'l( PFO ), 34.71340128173351 , 32.483232206492644 , 100000
Sultan Mahmud Badaruddin II( PLM ), -2.899993450059967 , 104.69912832676162 , 100000
Polokwane Int'l( PTG ), -23.858986270165953 , 29.45334036456435 , 100000
Punta Cana( PUJ ), 18.56303903398704 , -68.3632351074649 , 100000
Queretaro Int'l( QRO ), 20.62246607127796 , -100.18735943002979 , 100000
Rajkot( RAJ ), 22.309281698836052 , 70.7799548311565 , 100000
Richmond Int'l( RIC ), 37.50828997509012 , -77.33311963811302 , 100000
Shah Makhdum( RJH ), 24.44480686230351 , 88.61380457044305 , 100000
Greater Rochester Int'l( ROC ), 43.127551982648235 , -77.66524450621966 , 100000
Rockhampton( ROK ), -23.378599 , 150.478897 , 100000
Rostov-on-Don( ROV ), 47.255111951975394 , 39.80351444453908 , 100000
Saratov( RTW ), 51.560645650884204 , 46.03502324989101 , 100000
Ramon Villeda Morales Int'l( SAP ), 15.455863052488276 , -87.92723651254093 , 100000
Santa Barbara Muni.( SBA ), 34.42573129787832 , -119.83660158079981 , 100000
Deadhorse( SCC ), 70.19751 , -148.457855 , 100000
Kangerlussuaq( SFJ ), 67.018097 , -50.694199 , 100000
Springfield Reg.( SGF ), 37.24214449030243 , -93.3826379012003 , 100000
Shreveport Reg.( SHV ), 32.45457988665127 , -93.82852222295027 , 100000
Simferopol Int'l( SIP ), 45.020217397816495 , 33.99605292445367 , 100000
Sitka Rocky Gutierrez( SIT ), 57.05349 , -135.365692 , 100000
Los Cabos Int'l( SJD ), 23.162657448359653 , -109.71785838690921 , 100000
McNary Field( SLE ), 44.91051384521425 , -123.00787147940393 , 100000
Plan de Guadalupe( SLW ), 25.54799764199738 , -100.93226054858748 , 100000
Shannon( SNN ), 52.693453710253166 , -8.922428855576857 , 100000
Santo Pekoa Int'l( SON ), -15.505538737085832 , 167.22089491937467 , 100000
Achmad Yani( SRG ), -6.978734849569817 , 110.37855625566573 , 100000
Srinagar( SXR ), 33.98309094316232 , 74.78262436723114 , 100000
Tapachula Int'l( TAP ), 14.791128133877267 , -92.370003 , 100000
Podgorica( TGD ), 42.367933519542824 , 19.246686861887266 , 100000
Tallahassee Reg.( TLH ), 30.395557617693783 , -84.34499539848576 , 100000
Turin Int'l( TRN ), 45.19166007346417 , 7.644162303621328 , 100000
Taiyuan Wusu Int'l( TYN ), 37.754511779151215 , 112.62589153931525 , 100000
Narsarsuaq( UAK ), 61.16259683373283 , -45.41640089231083 , 100000
U-Tapao( UTP ), 12.685293091266386 , 101.00020929048034 , 100000
Victoria Falls( VFA ), -18.099015598368197 , 25.846767720882564 , 100000
Vijaywada( VGA ), 16.528642778235014 , 80.7973080000675 , 100000
Varanasi( VNS ), 25.449907732982243 , 82.85387419135274 , 100000
Juan Gualberto Gomez( VRA ), 23.039542233963147 , -81.43671038506231 , 100000
Villahermosa( VSA ), 17.993066011311075 , -92.81906758362618 , 100000
Brandon( YBR ), 49.904727941027694 , -99.94589590024634 , 100000
CFB Edmonton( YED ), 53.67491566186677 , -113.47883905449686 , 100000
Iqaluit( YFB ), 63.751152353780704 , -68.53672924418116 , 100000
John C. Munro Hamilton Int'l( YHM ), 43.16336053050961 , -79.92642309599673 , 100000
Fort McMurray( YMM ), 56.65631713909619 , -111.22384004661691 , 100000
Yantai( YNT ), 37.407704472692394 , 121.37204741777312 , 100000
Peace River( YPE ), 56.231924036744985 , -117.4436632080815 , 100000
Greater Moncton Int'l( YQM ), 46.11620596392595 , -64.68866968073613 , 100000
Sydney/J.A. Douglas McCurdy( YQY ), 46.16734058905036 , -60.04693721170264 , 100000
Resolute Bay( YRB ), 74.71818609875942 , -94.97080232440061 , 100000
Fort Smith( YSM ), 60.01987496024426 , -111.96105993815773 , 100000
Thompson( YTH ), 55.797482 , -97.860733 , 100000
Timmins( YTS ), 48.566158 , -81.372047 , 100000
Repulse Bay( YUT ), 66.533302 , -86.25 , 100000
Kuujjuaq( YVP ), 58.101959 , -68.433342 , 100000
Wabush( YWK ), 52.926071 , -66.873009 , 100000
Edmonton City Centre( YXD ), 53.57094365828116 , -113.52297368858079 , 100000
Fort St. John (N. Peace)( YXJ ), 56.246035 , -120.736439 , 100000
North Bay/Jack Garland( YYB ), 46.358711 , -79.42491 , 100000
Zaria( ZAR ), 11.135295860107082 , 7.687267643105769 , 100000
Skopje( SKP ), 41.95645460815443 , 21.62819718582291 , 100000
Burnpur( VE23 ), 23.631217910776442 , 86.97454677657299 , 100000
Hindon Air Force Station( VIDX ), 28.70779686010708 , 77.35078887791173 , 100000
Sunchon( None ), 39.411965971056546 , 125.89082505748561 , 100000
Lodz Wladyslaw Reymont( EPLL ), 51.727207045169955 , 19.403214874403695 , 100000
Alma Ata N.W.( BXJ ), 43.355419083791865 , 76.87826400966476 , 100000
Jiamusi Dongjiao( JMU ), 46.843015022337944 , 130.4562047044068 , 100000
Mudanjiang Hailang( MDG ), 44.53429362999352 , 129.5801515322203 , 100000
Severomorsk-3 (Murmansk N.E.)( ULMM ), 69.0168711826804 , 33.29035276162853 , 100000
Mosul Int'l( OSB ), 36.308601 , 43.145802 , 100000
Rostov N.( None ), 47.277420920286694 , 39.635399634366465 , 100000
Rostov S.W.( None ), 47.1158577255835 , 39.797221534514875 , 100000
Oulu( OUL ), 64.92879923588488 , 25.372837470430696 , 100000
Bordeaux( BOD ), 44.832110866267385 , -0.701793449075243 , 100000
Mandelieu( CEQ ), 43.54609798704497 , 6.954316120289373 , 100000
St Gatien( DOL ), 49.361660998660916 , 0.158653528230218 , 100000
Lille-Lesquin( LIL ), 50.57164239295806 , 3.105964997998135 , 100000
Toulouse-Blagnac( TLS ), 43.63046256616009 , 1.373509185511527 , 100000
Fukuoka( FUK ), 33.58481643325734 , 130.44418954188373 , 100000
Hiroshima-Nishi( HIW ), 34.37138156288289 , 132.419372741681 , 100000
Nagoya( NKM ), 35.254053205286695 , 136.9196283841399 , 100000
Sendai( SDJ ), 38.138207561528674 , 140.93024738136907 , 100000
Kirkenes Hoybuktmoen( KKN ), 69.72383181136918 , 29.891348950040616 , 100000
Marechal Rondon Int'l( CGB ), -15.651147019195495 , -56.120177475472424 , 100000
Hercilio Luz Int'l( FLN ), -27.664627694163833 , -48.544812204959904 , 100000
Joinville-Lauro C. de Loyola( JOI ), -26.224294137478456 , -48.80164981656161 , 100000
Presidente Castro Pinto Int'l( JPA ), -7.146174624020474 , -34.9488925911125 , 100000
Augusto Severo Int'l( NAT ), -5.899120544771162 , -35.24884101653892 , 100000
Francisco Sa Carneiro( OPO ), 41.23687089204524 , -8.671272407196472 , 100000
Marechal Cunha Machado Int'l( SLZ ), -2.583509210430185 , -44.236234470049205 , 100000
Santos Air Force Base( SSZ ), -23.9237590410637 , -46.30527049310029 , 100000
Teresina-Senador Petronio Portella( THE ), -5.06346299167191 , -42.82124023178447 , 100000
Viracopos-Campinas Int'l( VCP ), -23.00962390853391 , -47.141079191101426 , 100000
Eurico de Aguiar Salles( VIX ), -20.25741627594185 , -40.28853687599133 , 100000
Alicante( ALC ), 38.286640899392886 , -0.557230440363588 , 100000
Almeria( LEI ), 36.84776727096432 , -2.371601440591205 , 100000
Valencia( VLC ), 39.49145978844889 , -0.473474930771676 , 100000
Kiruna_Airport( KRN ), 67.8256066056432 , 20.335152295489802 , 100000
Norrkoping Airport( NRK ), 58.583380501754064 , 16.23394076958144 , 100000
Husein Sastranegara Int'l( BDO ), -6.900424083534088 , 107.57561185220892 , 100000
Rosario Islas Malvinas Int'l( ROS ), -32.91622697438119 , -60.78007872165863 , 100000
Maceio/Zumbi dos Palmares Int'l( MCZ ), -9.514941185401165 , -35.79249512158329 , 100000
Sharm el-Sheikh Int'l( SSH ), 27.980404419916844 , 34.39011892672875 , 100000
Taba Int'l( TCP ), 29.594499056801894 , 34.775837899677896 , 100000
Agra( AGR ), 27.157727734749972 , 77.96090917650903 , 100000
Vadodara( BDQ ), 22.33616400211708 , 73.2262889533239 , 100000
Shahid Ashrafi Esfahani( KSH ), 34.34641677391081 , 47.156583516563856 , 100000
Benina Int'l( BEN ), 32.08727746065531 , 20.268039801851568 , 100000
King Abdulaziz AB( DHA ), 26.270368085476772 , 50.1477245727844 , 100000
Nueva Hesperides Int'l( STY ), -31.437388338779797 , -57.98408211764924 , 100000
Baikonur Cosmodrome( BAIK ), 45.963573940312365 , 63.30735442387505 , 100000
Kennedy Space Center( KSC ), 28.516370477202706 , -80.6369680911892 , 100000
Centre Spatial Guyanais( CSG ), 5.239410012580352 , -52.76842968934524 , 100000
Queen Beatrix Int'l( AUA ), 12.503464363029721 , -70.00762285634964 , 100000
Djibouti-Ambouli Int'l( JIB ), 11.552101823017216 , 43.149712785995575 , 100000
Diego Aracena Int'l( IQQ ), -20.547840087830867 , -70.17863539553298 , 100000
Sabiha Gokcen Havaalani( SAW ), 40.90430035539573 , 29.309599142388944 , 100000
Kosrae Island( KSA ), 5.352009857182798 , 162.95704122507613 , 100000
Funafuti Int'l( FUN ), -8.52485415059424 , 179.19544202302 , 100000
Dr. Babasaheb Ambedkar Int'l( NAG ), 21.089931763008746 , 79.0537976421986 , 100000
Phuket Int'l( HKT ), 8.107684759527347 , 98.30603849005591 , 100000
Nadi Int'l( NAN ), -17.752912947979222 , 177.45115119805948 , 100000
Lic. Jesus Teran Peredo Int'l( AGU ), 21.701339032920746 , -102.3140937400579 , 100000
Albenga( ALL ), 44.04587735981584 , 8.12314535436409 , 100000
Queen Alia Int'l( AMM ), 31.722662160043214 , 35.989707162192985 , 100000
Chacalluta Int'l( ARI ), -18.349206163957913 , -70.3357301410959 , 100000
Atar Int'l( ATR ), 20.498270610156464 , -13.05117043233154 , 100000
Ernesto Cortissoz Int'l( BAQ ), 10.886677595941366 , -74.77655597826495 , 100000
Teniente Luis Candelaria Int'l( BRC ), -41.14599769581051 , -71.16143008697632 , 100000
Bouake( BYK ), 7.736104955550318 , -5.068942222753114 , 100000
Philip S. W. Goldson Int'l( BZE ), 17.536068657552093 , -88.30820640330747 , 100000
Corpus Christi Int'l( CRP ), 27.77445607008226 , -97.50226787102976 , 100000
Hato Int'l( CUR ), 12.184834605201921 , -68.95687880727611 , 100000
Velazco Astete Int'l( CUZ ), -13.538218699263911 , -71.94366414497216 , 100000
Julius Nyerere Int'l( DAR ), -6.866720042491186 , 39.207471503916466 , 100000
Detroit City( DET ), 42.40909384319068 , -83.00396814177334 , 100000
Presidente Nicolau Lobato Int'l( DIL ), -8.549311574145644 , 125.52485420918208 , 100000
Moscow Domodedovo Int'l( DME ), 55.41415282230229 , 37.90025312894517 , 100000
Dunedin Int'l( DUD ), -45.923431 , 170.200027 , 100000
Dzaoudzi Pamanzi Int'l( DZA ), -12.80494743816432 , 45.281786419789874 , 100000
El Paso Int'l( ELP ), 31.799086027258937 , -106.39571467936567 , 100000
Zvartnots Int'l( EVN ), 40.15236794518844 , 44.40006305369384 , 100000
Fort Worth Meacham Field( FTW ), 32.82075290479723 , -97.35513485615866 , 100000
JAGS McCartney Int'l( GDT ), 21.442123743906283 , -71.14613374488756 , 100000
Scholes Int'l( GLS ), 29.2671239212096 , -94.85540138762639 , 100000
Goma Int'l( GOM ), -1.658317950020695 , 29.240053495222842 , 100000
Garoua Int'l( GOU ), 9.33068867678854 , 13.372430937787765 , 100000
Antonio B. Won Pat Int'l( GUM ), 13.492646235946513 , 144.8058503570926 , 100000
Gary/Chicago Int'l( GYY ), 41.617793001516596 , -87.40835962474056 , 100000
Prince Said Ibrahim Int'l( HAH ), -11.536639382912684 , 43.274561217961576 , 100000
Hobart Int'l( HBA ), -42.83760836948221 , 147.50599619040787 , 100000
Honiara Int'l( HIR ), -9.427575664001457 , 160.04585512992452 , 100000
Kiev Zhuliany Int'l( IEV ), 50.412808165984956 , 30.445130518210362 , 100000
Irkutsk S.E.( IKT ), 52.272889388224414 , 104.35585974800242 , 100000
Indianapolis Int'l( IND ), 39.730204370396905 , -86.27340036508855 , 100000
Nauru Int'l( INU ), -0.545037226856384 , 166.91613965881993 , 100000
Mataveri Int'l( IPC ), -27.158773838853794 , -109.4300644100096 , 100000
Gob. Horacio Guzman Int'l( JUJ ), -24.386101077584634 , -65.09376654588122 , 100000
Nanchang Changbei Int'l( KHN ), 28.862489120066552 , 115.91197991860221 , 100000
Kunming Changshui Int'l( KMG ), 25.101205531845622 , 102.9285227592646 , 100000
Leeds Bradford( LBA ), 53.86908194744343 , -1.659831067347459 , 100000
Libreville Leon M'ba Int'l( LBV ), 0.457139229503759 , 9.410223378207123 , 100000
Lome Tokoin( LFW ), 6.16687362722297 , 1.25093205640014 , 100000
Lviv Danylo Halytskyi Int'l( LWO ), 49.817850605000466 , 23.946126959894446 , 100000
Marshall Islands Int'l( MAJ ), 7.068118485570912 , 171.28191937064796 , 100000
Macau Int'l( MFM ), 22.15765725296336 , 113.57451294861951 , 100000
Aden Adde Int'l( MGQ ), 2.016353112149878 , 45.30363741862018 , 100000
Maputo Int'l( MPM ), -25.924276711787034 , 32.57419151947824 , 100000
Sir Seewoosagur Ramgoolam Int'l( MRU ), -20.431756779321564 , 57.67698600766355 , 100000
Naples Int'l( NAP ), 40.87807288436389 , 14.282844434020328 , 100000
Nouadhibou Int'l( NDB ), 20.92905230643873 , -17.03343986915384 , 100000
Ningbo Lishe Int'l( NGB ), 29.820823190686056 , 121.46181938848366 , 100000
Nouakchott Int'l( NKC ), 18.09792317181745 , -15.95192592522014 , 100000
La Tontouta Int'l( NOU ), -22.013638624898107 , 166.21723211869872 , 100000
Oakland Int'l( OAK ), 37.71230369516912 , -122.21326125786332 , 100000
Ontario Int'l( ONT ), 34.06019110206596 , -117.5923276516506 , 100000
Cork( ORK ), 51.84854054199235 , -8.490141999838173 , 100000
Minangkabau Int'l( PDG ), -0.786045714026273 , 100.28545585179133 , 100000
Joao Paulo II( PDL ), 37.743331647293275 , -25.696988219871116 , 100000
Bacha Khan Int'l( PEW ), 33.99140278895964 , 71.51881499126668 , 100000
Glasgow Prestwick( PIK ), 55.50889181051421 , -4.610971639010682 , 100000
Ponta Pora Int'l( PMG ), -22.551786560876014 , -55.70607937485728 , 100000
Palmerston N. Int'l( PMR ), -40.32331788520548 , 175.62128328195985 , 100000
Pohnpei Int'l( PNI ), 6.981306765121233 , 158.2033044909644 , 100000
Tahiti Faa'a Int'l( PPT ), -17.55945776599425 , -149.60975793242872 , 100000
Pisa Galileo Galilei Int'l( PSA ), 43.69832241576641 , 10.400134371805603 , 100000
Port Sudan( PZU ), 19.576063653196776 , 37.216065757541976 , 100000
Praia Int'l( RAI ), 14.944988935283243 , -23.486201988358683 , 100000
Marrakech-Menara( RAK ), 31.60229465977643 , -8.024605359079887 , 100000
Rarotonga Int'l( RAR ), -21.20098217246316 , -159.7981563083873 , 100000
Siem Reap Int'l( REP ), 13.408796969353801 , 103.81578052811155 , 100000
Hermes Quijada Int'l( RGA ), -53.7814746058316 , -67.75302684626753 , 100000
Piloto Civil Norberto Fernandez Int'l( RGL ), -51.61169808554019 , -69.30647117767309 , 100000
Reno-Tahoe Int'l( RNO ), 39.505849901470334 , -119.77528330810486 , 100000
Roman Tmetuchl Int'l( ROR ), 7.364495536129204 , 134.5329534661587 , 100000
Amilcar Cabral Int'l( SID ), 16.734793269338514 , -22.9440574079648 , 100000
Sarajevo( SJJ ), 43.825887224679725 , 18.336618545712724 , 100000
Robert L. Bradshaw Int'l( SKB ), 17.311125840442042 , -62.714212504731584 , 100000
Martin Miguel de Guemes Int( SLA ), -24.84437427133154 , -65.47847604377958 , 100000
Saipan Int'l( SPN ), 15.121516719766413 , 145.7236946586376 , 100000
Juana Azurduy de Padilla Int'l( SRE ), -19.01391579246574 , -65.29286313878465 , 100000
Princess Juliana Int'l( SXM ), 18.042244021474033 , -63.1122760858602 , 100000
Ta'izz Int'l( TAI ), 13.685497002557412 , 44.134782731062046 , 100000
Qingdao Liuting Int'l( TAO ), 36.267757808103866 , 120.3806859490605 , 100000
Chuuk Int'l( TKK ), 7.457617802884429 , 151.84204603740326 , 100000
Tangier Ibn Battouta( TNG ), 35.725765640927385 , -5.912880876559137 , 100000
Bonriki Int'l( TRW ), 1.380668697538304 , 173.14599079530137 , 100000
Astana Int'l( TSE ), 51.0269352907712 , 71.46094413999357 , 100000
Tianjin Binhai Int'l( TSN ), 39.12946099090075 , 117.35272315991853 , 100000
Townsville( TSV ), -19.256181437621244 , 146.77067890477002 , 100000
Teniente Gen. Benjamin Matienzo Int'l( TUC ), -26.835731005071423 , -65.10812462362482 , 100000
Aeroport Tunis( TUN ), 36.84744821772193 , 10.21769924471112 , 100000
Tucson Int'l( TUS ), 32.12035234418979 , -110.93771323213196 , 100000
Chinggis Khaan Int'l( ULN ), 47.852526096668434 , 106.76287399492858 , 100000
Urumqi Diwopu Int'l( URC ), 43.898338219365286 , 87.46712984878084 , 100000
Bauerfield Int'l( VLI ), -17.701699068178094 , 168.3196227396616 , 100000
Wewak Int'l( WWK ), -3.580226894447444 , 143.66910229969758 , 100000
Chalons Vatry( XCR ), 48.78039461385664 , 4.19111982574289 , 100000
Xiamen Gaoqi Int'l( XMN ), 24.537192570557004 , 118.12696884672026 , 100000
Yap Int'l( YAP ), 9.497917333613481 , 138.08643028361917 , 100000
Playa de Oro Int'l( ZLO ), 19.148086028585354 , -104.56009520009748 , 100000
Cayenne Rochambeau( CAY ), 4.821267143089237 , -52.363806857235694 , 100000
Irkutsk N.W.( UIII ), 52.36164767001315 , 104.19735928449404 , 100000
Shijiazhuang Zhengding Int'l( SJW ), 38.27814091311202 , 114.6922665989016 , 100000
Heydar Aliyev Int'l( GYD ), 40.46274688390803 , 50.04983948674051 , 100000
Lakatamia Airbase( LAK ), 35.10634480673619 , 33.322201334898956 , 100000
Cabo Frio Int'l( CFB ), -22.925631709132773 , -42.079251752018415 , 100000
Helsinki-Malmi( HEM ), 60.24937784995868 , 25.045535369831455 , 100000
Luxembourg-Findel( LUX ), 49.63430409251016 , 6.216421217287305 , 100000
Venice Marco Polo( VCE ), 45.504847758845486 , 12.341067300436913 , 100000
Yangyang Int'l( YNY ), 38.058782416258545 , 128.66298866883957 , 100000
Tabatinga Int'l( TBT ), -4.250324694933793 , -69.93947393390899 , 100000
Boa Vista Int'l( BVB ), 2.84119534121157 , -60.69222063386823 , 100000
Gran Canaria( LPA ), 27.936889971657408 , -15.389924515846113 , 100000
Com. Armando Tola Int'l( ING ), -50.283900869003766 , -72.05385691012962 , 100000
Stockholm-Skavsta( NYO ), 58.785104130344784 , 16.92160555842542 , 100000
Polonia Int'l( MES ), 3.56659179990894 , 98.67619257146407 , 100000
Bangui M'Poko Int'l( BGF ), 4.398851536959572 , 18.524123630208024 , 100000
Hangzhou Xiaoshan Int'l( HGH ), 30.235186279041436 , 120.43209737631294 , 100000
Cassidy Int'l( CXI ), 1.986161197924021 , -157.34977789343037 , 100000
Siauliai Int'l( SQQ ), 55.90376945403999 , 23.383188573869113 , 100000
Niue Int'l( IUE ), -19.076712935451056 , -169.92612977421672 , 100000
Guarani Int'l( AGT ), -25.456857071581247 , -54.83939952960621 , 100000
Rodriguez Ballon Int'l( AQP ), -16.344552065351998 , -71.56793353852852 , 100000
Vladivostok Int'l( VVO ), 43.377649253388505 , 132.13984172071468 , 100000
Pristina( PRN ), 42.58503311534483 , 21.03026901247459 , 100000
Deurne( ANR ), 51.18912850638064 , 4.450922773999088 , 100000
Gen. Marquez de Leon Int'l( LAP ), 24.076090352180334 , -110.36719785980947 , 100000
Harbin Taiping( HRB ), 45.62060117232452 , 126.2369830308627 , 100000
Trivandrum Int'l( TRV ), 8.476509938945144 , 76.91890256129132 , 100000
Adnan Menderes( ADB ), 38.29123476451746 , 27.149297595266408 , 100000
Nanjing Lukou Int'l( NKG ), 31.73532492961766 , 118.86610214690592 , 100000
Freeport Int'l( FPO ), 26.548246747188983 , -78.70393431144967 , 100000
Tripoli Int'l( TIP ), 32.66916955049933 , 13.144258981071262 , 100000
Gander Int'l( YQX ), 48.946598006073565 , -54.57557190935781 , 100000
Doha Int'l( DOH ), 25.268246131050645 , 51.558548787654715 , 100000
Albuquerque Int'l( ABQ ), 35.04915780182765 , -106.6166851616002 , 100000
V.C. Bird Int'l( ANU ), 17.140359937161683 , -61.792367669835826 , 100000
Faleolo( APW ), -13.832501332395603 , -171.99732221833983 , 100000
Asyut( ATZ ), 27.05081584069781 , 31.016249043801107 , 100000
Bahrain Int'l( BAH ), 26.269697149949714 , 50.62600287575336 , 100000
Bradley Int'l( BDL ), 41.93031600583518 , -72.68539474333903 , 100000
Grantley Adams Int'l( BGI ), 13.079661104553033 , -59.48741889531585 , 100000
Yundum Int'l( BJL ), 13.343860478894186 , -16.652313269807472 , 100000
Bujumbura Int'l( BJM ), -3.322044349131131 , 29.32098401699387 , 100000
Chileka Int'l( BLZ ), -15.68138447932725 , 34.971944183793276 , 100000
Broome Int'l( BME ), -17.95257612926801 , 122.23385051502184 , 100000
Bandar Abbass Int'l( BND ), 27.210325845514543 , 56.368886456411 , 100000
Basrah Int'l( BSR ), 30.552799016106043 , 47.668376663351836 , 100000
Ciudad Juarez Int'l( CJS ), 31.635756620195146 , -106.4358466310554 , 100000
Katunayake Int'l( CMB ), 7.178077105442211 , 79.88525734215062 , 100000
Cairns Int'l( CNS ), -16.876742155406177 , 145.75358484439977 , 100000
Chiang Mai Int'l( CNX ), 18.768847391967526 , 98.96811812415933 , 100000
City of Colorado Springs( COS ), 38.79742487791252 , -104.70088027411134 , 100000
Ign. Alberto Ongay Int'l( CPE ), 19.81422479920744 , -90.50362837340384 , 100000
Changsha Huanghua Int'l( CSX ), 28.189921861945066 , 113.21405420325205 , 100000
Greater Cincinnati Int'l( CVG ), 39.05541890478304 , -84.65616991533919 , 100000
Da Nang( DAD ), 16.05314414516696 , 108.20270625793569 , 100000
Dallas Love Field( DAL ), 32.84442537327384 , -96.84986377097995 , 100000
Damascus Int'l( DAM ), 33.41143667027319 , 36.51289547181257 , 100000
Enrique Malek Int'l( DAV ), 8.391261061169175 , -82.43175833693866 , 100000
Aba Tenna D. Yilma Int'l( DIR ), 9.61267784753569 , 41.857756722253 , 100000
Bali Int'l( DPS ), -8.744757315956518 , 115.16232296110661 , 100000
Des Moines Int'l( DSM ), 41.5327904242113 , -93.64846125637362 , 100000
Entebbe Int'l( EBB ), 0.044940949388672 , 32.4427573135214 , 100000
Kisangani Bangoka Int'l( FKI ), 0.492225136917501 , 25.330271489621154 , 100000
Fuzhou Changle Int'l( FOC ), 25.931823314814313 , 119.6680438209992 , 100000
Lokpriya G. Bordoloi Int'l( GAU ), 26.105247592425503 , 91.58822905818697 , 100000
Gdansk Lech Walesa( GDN ), 54.380702535292464 , 18.468442216591136 , 100000
Point Salines Int'l( GND ), 12.007268305428271 , -61.78585299092849 , 100000
Nizhny Novgorod Int'l( GOJ ), 56.21855259106556 , 43.789633706293515 , 100000
Gen. Jose M. Yanez Int'l( GYM ), 27.969455396282893 , -110.9216512704022 , 100000
Hohhot Baita Int'l( HET ), 40.85406009065522 , 111.81468182162591 , 100000
Helena Reg.( HLN ), 46.61020435289996 , -111.9898968960076 , 100000
Gen. Ignacio P. Garcia Int'l( HMO ), 29.090077252344535 , -111.0519017118191 , 100000
Dulles Int'l( IAD ), 38.95277403795302 , -77.44779257692062 , 100000
Hilo Int'l( ITO ), 19.714797686866262 , -155.0396297334349 , 100000
Jackson Int'l( JAN ), 32.31006002736351 , -90.07509862769238 , 100000
Jacksonville Int'l( JAX ), 30.491352730947966 , -81.68357672783112 , 100000
Kuching Int'l( KCH ), 1.487207937790097 , 110.3418370543153 , 100000
Kigali Int'l( KGL ), -1.96365443664138 , 30.13487681878561 , 100000
Krakow-Balice( KRK ), 50.07226306483314 , 19.800977284450408 , 100000
Kurumoch( KUF ), 53.50838481909353 , 50.14726552101905 , 100000
Guilin Liangjiang Int'l( KWL ), 25.217605525229324 , 110.04689349777009 , 100000
Laoag Int'l( LAO ), 18.182418086637874 , 120.53387619612701 , 100000
LaGuardia( LGA ), 40.77455393988576 , -73.8719858204814 , 100000
London Gatwick( LGW ), 51.155756751927456 , -0.162961639139456 , 100000
Ljubljana( LJU ), 46.230544555448624 , 14.454812628326566 , 100000
Amausi Int'l( LKO ), 26.763932870091633 , 80.88417197324722 , 100000
La Plata( LPG ), -34.9655441559234 , -57.89538206365101 , 100000
Gen. Sevando Canales( MAM ), 25.770841264061858 , -97.53082171211871 , 100000
Manchester Int'l( MAN ), 53.36248960665181 , -2.273371590694274 , 100000
Kansas City Int'l( MCI ), 39.297895826365945 , -94.71591485791544 , 100000
Seeb Int'l( MCT ), 23.588570417585636 , 58.2904804753493 , 100000
Habib Bourguiba Int'l( MIR ), 35.76071044217803 , 10.75336818505404 , 100000
Marseille Provence Airport( MRS ), 43.44106000164679 , 5.221379177203373 , 100000
Quetzalcoatl Int'l( NLD ), 27.449689650831623 , -99.5680081930063 , 100000
Nanning Wuwu Int'l( NNG ), 22.612037054178508 , 108.16801227333096 , 100000
Xoxocotlan Int'l( OAX ), 17.000559256974505 , -96.72179593849754 , 100000
Kahului( OGG ), 20.89328851511117 , -156.4374295813534 , 100000
Will Rogers( OKC ), 35.39527749117442 , -97.59611775420922 , 100000
Norfolk Int'l( ORF ), 36.89823946736742 , -76.2044231712327 , 100000
Palm Beach Int'l( PBI ), 26.688441666432965 , -80.09018933833873 , 100000
Pengel Int'l( PBM ), 5.455999677974393 , -55.199911389290236 , 100000
Bolshesavino( PEE ), 57.919771123169134 , 56.019560282029694 , 100000
Penang Int'l( PEN ), 5.292656277904887 , 100.26578638095476 , 100000
Port Harcourt Int'l( PHC ), 5.007003476739435 , 6.949897427231909 , 100000
Port Hedland Int'l( PHE ), -20.378127296072336 , 118.63179781561529 , 100000
Pierre Regional( PIR ), 44.38015346687622 , -100.29264198170532 , 100000
Greater Pittsburgh Int'l( PIT ), 40.496051891528495 , -80.2561290571918 , 100000
Pago Pago Int'l( PPG ), -14.329064185030566 , -170.71330705373444 , 100000
Birmingham Int'l( BHX ), 52.45290855428381 , -1.733731704344524 , 100000
Roberts Int'l( ROB ), 6.241834565545255 , -10.353085186793352 , 100000
Raipur( RPR ), 21.18598685614469 , 81.74037759152014 , 100000
El Salvador Int'l( SAL ), 13.444748122861604 , -89.0572035692743 , 100000
San Diego Int'l( SAN ), 32.73226455701319 , -117.19751102573103 , 100000
San Antonio Int'l( SAT ), 29.526620339131505 , -98.4719699991559 , 100000
Savannah Int'l( SAV ), 32.13564155229021 , -81.20996477509134 , 100000
Antonio Maceo( SCU ), 19.972428871762215 , -75.83988776397909 , 100000
Ponciano Arriaga Int'l( SLP ), 22.255713049590337 , -100.93647781626697 , 100000
Sacramento Int'l( SMF ), 38.6927238925554 , -121.58789487772277 , 100000
Cibao Int'l( STI ), 19.46592191528884 , -70.69417832244676 , 100000
Koltsovo( SVX ), 56.73224561204597 , 60.80580334321738 , 100000
Syracuse Hancock Int'l( SYR ), 43.13178449437413 , -76.1130789991049 , 100000
Tabriz( TBZ ), 38.131110768817514 , 46.244713373574 , 100000
Torreon Int'l( TRC ), 25.56321643998958 , -103.39878782857888 , 100000
Tulsa Int'l( TUL ), 36.19012756519499 , -95.88988227154202 , 100000
Mcghee Tyson( TYS ), 35.80574480270883 , -83.98993783275846 , 100000
Ufa Int'l( UFA ), 54.56513235789718 , 55.884077341183726 , 100000
Hewanorra Int'l( UVF ), 13.736523805048892 , -60.949973772346056 , 100000
Windhoek Hosea Kutako Int'l( WDH ), -22.486953120204117 , 17.463225902813253 , 100000
Sault Ste Marie( YAM ), 46.485417510192555 , -84.50060899997175 , 100000
Dawson Cr.( YDQ ), 55.7394117074557 , -120.18559561910142 , 100000
Edmonton Int'l( YEG ), 53.307200161918324 , -113.5844925644056 , 100000
Halifax Int'l( YHZ ), 44.886545450100954 , -63.514965250167336 , 100000
Kamloops( YKA ), 50.70519551845913 , -120.44173476396232 , 100000
Sudbury( YSB ), 46.622750820489316 , -80.79577478171052 , 100000
Saint John( YSJ ), 45.329230595501656 , -65.89055736811677 , 100000
Prince George( YXS ), 53.884248575113766 , -122.67401474398616 , 100000
Victoria Int'l( YYJ ), 48.64052948217902 , -123.43062453952774 , 100000
Zamboanga Int'l( ZAM ), 6.919757748058303 , 122.06243232163732 , 100000
Lanzhou Zhongchuan( ZGC ), 36.50788424612367 , 103.61541536304331 , 100000
Albany Int'l( ALB ), 42.745661980172905 , -73.80935188431725 , 100000
General Mitchell Int'l( MKE ), 42.94791987295855 , -87.90210562507438 , 100000
Wang-Chia Tun Airbase( ZHHH ), 30.60171411967017 , 114.24694737615044 , 100000
Sanya Phoenix Int'l( SYX ), 18.309095990859316 , 109.40823949107957 , 100000
Lhasa Gonggar( LXA ), 29.29369361231842 , 90.9005610194027 , 100000
Hotan( HTN ), 37.04003635097652 , 79.87230052121915 , 100000
Dresden( DRS ), 51.125091242887116 , 13.764967144004661 , 100000
Kenitra Air Base( NNA ), 34.298667363822325 , -6.597753628115997 , 100000
Annemasse( QNJ ), 46.19572832862606 , 6.264910853641591 , 100000
Nogales Int'l( NOG ), 31.225537174115924 , -110.97272130167508 , 100000
Strasbourg( SXB ), 48.54469617217594 , 7.627841966889242 , 100000
Cologne/Bonn( CGN ), 50.87825966294709 , 7.122359755245386 , 100000
Kimhae Int'l( PUS ), 35.17028406368295 , 128.9488013790388 , 100000
Jeju Int'l( CJU ), 33.52471731503988 , 126.49162940197242 , 100000
Stavanger Sola( SVG ), 58.88215648421848 , 5.629810329721799 , 100000
Trondheim Vaernes( TRD ), 63.472029381716986 , 10.916809524144515 , 100000
Corumba Int'l( CMG ), -19.01416628855335 , -57.663607892554346 , 100000
Madeira( FNC ), 32.69336428474887 , -16.775637453121334 , 100000
Foz do Iguacu Int'l( IGU ), -25.597683216210232 , -54.48859227356332 , 100000
Gov. Jorge Teixeira de Oliveira Int'l( PVH ), -8.714424828592882 , -63.89846250042134 , 100000
Bilbao( BIO ), 43.30508298111947 , -2.906090116798053 , 100000
Palma de Mallorca( PMI ), 39.56577585862541 , 2.729976602006474 , 100000
Tenerife N.( TFN ), 28.487577026773145 , -16.346317567926352 , 100000
Gothenburg( GOT ), 57.685749353487864 , 12.29382690925731 , 100000
Lulea( LLA ), 65.54903624776163 , 22.123027124394543 , 100000
Abu Dhabi Int'l( AUH ), 24.42722715297642 , 54.646329322555786 , 100000
Mohamed Boudiaf Int'l( CZL ), 36.28344094416007 , 6.621946651812188 , 100000
Aswan Int'l( ASW ), 23.968276544177797 , 32.82443724629733 , 100000
Rovaniemi( RVN ), 66.55955641685094 , 25.829440976045195 , 100000
Cheddi Jagan Int'l( GEO ), 6.498552908135722 , -58.25411919258886 , 100000
Cochin Int'l( COK ), 10.155118762811767 , 76.39051985020242 , 100000
Eldoret Int'l( EDL ), 0.40507147546036 , 35.223693065830126 , 100000
Incheon Int'l( ICN ), 37.449208862434624 , 126.45087598079584 , 100000
Federal de Bachigualato Int'l( CUL ), 24.766804039046114 , -107.46986379289618 , 100000
Benazir Bhutto Int'l( ISB ), 33.607445750752625 , 73.10079364718818 , 100000
Brussels( BRU ), 50.89729496415108 , 4.484640324082722 , 100000
Abuja Int'l( ABV ), 9.00437659781094 , 7.270259939743561 , 100000
Arcata-Eureka( ACV ), 40.97192453813144 , -124.10706552013855 , 100000
Austin-Bergstrom Int'l( AUS ), 30.202108192074945 , -97.66683676460543 , 100000
Antalya( AYT ), 36.915323305186774 , 30.80255264394152 , 100000
Belfast Int'l( BFS ), 54.66155754701032 , -6.216169437349579 , 100000
Orio Al Serio( BGY ), 45.66549805606945 , 9.698917693997402 , 100000
Kota Kinabalu Int'l( BKI ), 5.922894454748071 , 116.05108787336903 , 100000
Bengaluru Int'l( BLR ), 13.200610806960903 , 77.70955798895749 , 100000
Canberra Int'l( CBR ), -35.3071855902909 , 149.19076053967132 , 100000
Port Columbus Int'l( CMH ), 39.9981181922432 , -82.8840306426634 , 100000
Mohamed V Int'l( CMN ), 33.374727481539615 , -7.581455990257197 , 100000
Dusseldorf Int'l( DUS ), 51.2781820420774 , 6.76494446612174 , 100000
Esenboga Int'l( ESB ), 40.11512782732336 , 32.99301007720143 , 100000
Hamilton Int'l( HLZ ), -37.865841148482694 , 175.33622143270816 , 100000
Rajiv Gandhi Int'l( HYD ), 17.235983150747067 , 78.42953613451998 , 100000
John F Kennedy Int'l( JFK ), 40.645959558408144 , -73.78632686092955 , 100000
Boryspil Int'l( KBP ), 50.34090233887696 , 30.89516216155281 , 100000
Khartoum( KRT ), 15.59222265308578 , 32.550153296632956 , 100000
Dane Cty. Reg. (Truax Field)( MSN ), 43.13630823858675 , -89.34578478944866 , 100000
Minsk Int'l( MSQ ), 53.88937923980054 , 28.034193334637767 , 100000
Palermo( PMO ), 38.186335108489494 , 13.105530988863753 , 100000
T.F. Green( PVD ), 41.726001984718906 , -71.4357841445789 , 100000
Southwest Florida Int'l( RSW ), 26.527928806765104 , -81.75512314093055 , 100000
Shenyang Taoxian Int'l( SHE ), 41.634789133958215 , 123.4879744303385 , 100000
Sharjah Int'l( SHJ ), 25.321196401906818 , 55.52050719488528 , 100000
San Jose Int'l( SJC ), 37.36949059089655 , -121.92942898353154 , 100000
John Wayne( SNA ), 33.6794857329549 , -117.8614892203934 , 100000
Stuttgart( STR ), 48.69010513589129 , 9.193951089455357 , 100000
Nacional Tobias Bolanos( SYQ ), 9.958278519196229 , -84.13860919715941 , 100000
Shenzhen Bao'an Int'l( SZX ), 22.64650771478675 , 113.81585275108512 , 100000
Louisville Int'l( SDF ), 38.18602071526992 , -85.74170275973673 , 100000
Geneva( GVA ), 46.23100951015795 , 6.107945774236034 , 100000
Lyon-Saint Exupery( LYS ), 45.72101868346691 , 5.075944318134586 , 100000
Kansai Int'l( KIX ), 34.43479416292695 , 135.24445977247638 , 100000
Lisbon Portela( LIS ), 38.770762342751425 , -9.130694409310712 , 100000
Tancredo Neves Int'l( CNF ), -19.63278212187474 , -43.96358152099491 , 100000
Bromma( BMA ), 59.35559020651122 , 17.945617540614503 , 100000
Juanda Int'l( SUB ), -7.383578985275999 , 112.77703459493297 , 100000
Astor Piazzolla Int'l( MDQ ), -37.93321612044816 , -57.581615093239215 , 100000
Owen Roberts Int'l( GCM ), 19.29591074371222 , -81.35767061622893 , 100000
Zhengzhou Xinzheng Int'l( CGO ), 34.52630271989567 , 113.84183130284451 , 100000
Dalian Zhoushuizi Int'l( DLC ), 38.96157023002216 , 121.53891378010117 , 100000
Heraklion Int'l( HER ), 35.33690241010455 , 25.17405582432718 , 100000
Tbilisi Int'l( TBS ), 41.66944201872605 , 44.964614614166365 , 100000
Cascais( XXC ), 38.72353532083235 , -9.354582402639275 , 100000
Kaohsiung Int'l( KHH ), 22.57170610544221 , 120.34515634215063 , 100000
Sadiq Abubakar III( SKO ), 12.917482416618078 , 5.200226160326513 , 100000
Mariscal Sucre Int'l( UIO ), -0.145552408466882 , -78.48999255457005 , 100000
Karachi Civil( KHI ), 24.898524368959485 , 67.15212835929466 , 100000
Kishinev S.E.( KIV ), 46.93416199003912 , 28.93604875622555 , 100000
Jorge Chavez( LIM ), -12.0237161502221 , -77.10756569313422 , 100000
Thunder Bay Int'l( YQT ), 48.37188114925079 , -89.31214212381362 , 100000
Vilnius( VNO ), 54.64305493075424 , 25.28071644972846 , 100000
Hsien Yang( XIY ), 34.442939105442214 , 108.75581134215064 , 100000
Del Norte Int'l( NTR ), 25.859873767729045 , -100.2383941865767 , 100000
Fua'amotu Int'l( TBU ), -21.24861 , -175.135635 , 100000
Esfahan Int'l( IFN ), 32.74608053443211 , 51.87639168126809 , 100000
Harare Int'l( HRE ), -17.9228 , 31.1014 , 100000
Kuwait Int'l( KWI ), 29.239680058158292 , 47.97148255933165 , 100000
Macdonald-Cartier Int'l( YOW ), 45.3201348196531 , -75.66489338702053 , 100000
Kabul Int'l( KBL ), 34.56339788641491 , 69.21007362708741 , 100000
Abidjan Port Bouet( ABJ ), 5.254398445149204 , -3.932219291676359 , 100000
General Juan N Alvarez Int'l( ACA ), 16.761967352779976 , -99.75450856196812 , 100000
Kotoka Int'l( ACC ), 5.606981523811933 , -0.171402855660817 , 100000
Bole Int'l( ADD ), 8.981730275810992 , 38.7931904366343 , 100000
Aden Int'l( ADE ), 12.8278 , 45.030602 , 100000
Adelaide Int'l( ADL ), -34.9405860275154 , 138.5321014576991 , 100000
Almaty Int'l( ALA ), 43.34649431447929 , 77.01204587711747 , 100000
Houari Boumediene( ALG ), 36.69972066635346 , 3.212073535165055 , 100000
Aleppo Int'l( ALP ), 36.18462373143136 , 37.22734140578282 , 100000
Sardar Vallabhbhai Patel Int'l( AMD ), 23.070745463588118 , 72.62090008843316 , 100000
Cerro Moreno Int'l( ANF ), -23.448954524831667 , -70.44099085094066 , 100000
Ashkhabad Northwest( ASB ), 37.98485343895699 , 58.363965920824604 , 100000
Yohannes Iv Int'l( ASM ), 15.29361596964986 , 38.90635401363214 , 100000
Silvio Pettirossi Int'l( ASU ), -25.241659253381577 , -57.51390782471363 , 100000
Bermuda Int'l( BDA ), 32.359173960158074 , -64.70277406865142 , 100000
Surcin( BEG ), 44.81907666544326 , 20.291284594662077 , 100000
Beirut Int'l( BEY ), 33.825440061866765 , 35.4930853618161 , 100000
Bairagarh( BHO ), 23.285568486980882 , 77.34087147135794 , 100000
Bamako Senou( BKO ), 12.539336342586719 , -7.947272269708012 , 100000
Nashville Int'l( BNA ), 36.13148763616973 , -86.66928673563747 , 100000
Brisbane Int'l( BNE ), -27.38539659390988 , 153.1202564188439 , 100000
Boise Air Terminal( BOI ), 43.5689592234704 , -116.2218410705487 , 100000
Wiley Post Will Rogers Mem.( BRW ), 71.289299 , -156.771835 , 100000
Greater Buffalo Int'l( BUF ), 42.93403374935259 , -78.73199655233083 , 100000
Bulawayo( BUQ ), -20.015568409490825 , 28.622552042904037 , 100000
Brunei Int'l( BWN ), 4.945475282276854 , 114.93311902920937 , 100000
Guangzhou Baiyun Int'l( CAN ), 23.3891511573243 , 113.29751655217066 , 100000
Carriel Sur Int'l( CCP ), -36.7763727437881 , -73.06210617462139 , 100000
Netaji Subhash Chandra Bose Int'l( CCU ), 22.645389378506415 , 88.44000101301965 , 100000
Chittagong( CGP ), 22.24556585857375 , 91.81471071623834 , 100000
Christchurch Int'l( CHC ), -43.48854867841038 , 172.53867556522317 , 100000
Conakry( CKY ), 9.574181158500823 , -13.621065625167132 , 100000
Hopkins Int'l( CLE ), 41.41119161249661 , -81.83844060640457 , 100000
Alfonso Bonilla Aragon Int'l( CLO ), 3.543286351232192 , -76.38507147280909 , 100000
Cotonou Cadjehon( COO ), 6.3582465034691 , 2.383800072435198 , 100000
Ingeniero Ambrosio L.V. Taravella Int'l( COR ), -31.31568116848888 , -64.21231576708007 , 100000
Rafael Nunez( CTG ), 10.444938176491519 , -75.51233495596824 , 100000
Cancun( CUN ), 21.04019667144003 , -86.87441725066944 , 100000
General R F Villalobos Int'l( CUU ), 28.70399849976794 , -105.969204692629 , 100000
Zia Int'l Dhaka( DAC ), 23.84812432181269 , 90.40492415992367 , 100000
Darwin Int'l( DRW ), -12.40805599665558 , 130.8775014367739 , 100000
Louis Botha( DUR ), -29.965914250828032 , 30.945708194088084 , 100000
Lubumbashi Luano Int'l( FBM ), -11.5908 , 27.5292 , 100000
Saiss( FEZ ), 33.930525184467264 , -4.982146376783026 , 100000
Kinshasa N Djili Int'l( FIH ), -4.389168821975817 , 15.446516207456082 , 100000
Freetown Lungi( FNA ), 8.615423617263689 , -13.200229678648256 , 100000
Sunan( FNJ ), 39.200177166765556 , 125.67532157120056 , 100000
Vasilyevka( FRU ), 43.055452723330326 , 74.46880033990898 , 100000
Sir Seretse Khama Int'l( GBE ), -24.558071808944057 , 25.92438082641467 , 100000
Don Miguel Hidalgo Int'l( GDL ), 20.524686348517278 , -103.30076622275178 , 100000
Glasgow Int'l( GLA ), 55.86418285703546 , -4.431677969951069 , 100000
La Aurora( GUA ), 14.588160829005092 , -90.53018111137798 , 100000
Simon Bolivar Int'l( GYE ), -2.158337906991362 , -79.88700964393296 , 100000
Noi Bai( HAN ), 21.214559670724526 , 105.80375943680576 , 100000
Jose Marti Int'l( HAV ), 22.99735333644277 , -82.4074206289499 , 100000
Borg El Arab Int'l( HBE ), 30.91837127862389 , 29.692666015230046 , 100000
King Abdul Aziz Int'l( JED ), 21.670685787812808 , 39.150499678044795 , 100000
Kano Mallam Aminu Int'l( KAN ), 12.045707160174642 , 8.522137183957666 , 100000
Kashi( KHG ), 39.537968630625755 , 76.01301480600748 , 100000
Norman Manley Int'l( KIN ), 17.937575155275226 , -76.77868976165765 , 100000
Tribhuvan Int'l( KTM ), 27.700281675160912 , 85.357139531668 , 100000
Luanda 4 de Fevereiro( LAD ), -8.84831327917379 , 13.234795750269944 , 100000
Pulkovo 2( LED ), 59.805406160189726 , 30.30709764546479 , 100000
Allama Iqbal Int'l( LHE ), 31.520629651820634 , 74.41088101817482 , 100000
Kamuzu Int'l( LLW ), -13.788622823745978 , 33.78278850197883 , 100000
Lagos Murtala Muhammed( LOS ), 6.578259445404671 , 3.321124352813337 , 100000
El Alto Int'l( LPB ), -16.509879221397668 , -68.17800552779448 , 100000
Lusaka Int'l( LUN ), -15.326852250944736 , 28.44554432110191 , 100000
Luxor( LXR ), 25.673034778602332 , 32.70329708486226 , 100000
Chennai Int'l( MAA ), 12.982530166915435 , 80.16377597315451 , 100000
La Chinita Int'l( MAR ), 10.555759468497213 , -71.72376880946867 , 100000
Jose Maria Cordova( MDE ), 6.171001614358001 , -75.4269557399772 , 100000
Memphis Int'l( MEM ), 35.04441012400894 , -89.98162803532371 , 100000
Augusto Cesar Sandino Int'l( MGA ), 12.144635873435028 , -86.1712846229543 , 100000
Mashhad( MHD ), 36.22755031349836 , 59.64219435740293 , 100000
Miami Int'l( MIA ), 25.79494072124062 , -80.2789718277441 , 100000
Lic M Crecencio Rejon Int'l( MID ), 20.933860386429597 , -89.66302357364343 , 100000
Luqa( MLA ), 35.848930794350125 , 14.495264455505483 , 100000
Moi Int'l( MBA ), -4.032652625796572 , 39.60266318703833 , 100000
Moshoeshoe I Int'l( MSU ), -29.45557400461012 , 27.559216033361427 , 100000
New Orleans Int'l( MSY ), 29.985114146062223 , -90.25669394805942 , 100000
Multan( MUX ), 30.195078090496487 , 71.41899543293198 , 100000
Carrasco Int'l( MVD ), -34.84104859885686 , -56.026636146282 , 100000
General Rafael Buelna Int'l( MZT ), 23.16659609713445 , -106.27001661788533 , 100000
Nassau Int'l( NAS ), 25.048691060086554 , -77.46484722909442 , 100000
Ndjamena( NDJ ), 12.129540018411483 , 15.03304463855593 , 100000
Niamey( NIM ), 13.476757280794157 , 2.17730671184125 , 100000
Mactan-Cebu Int'l( CEB ), 10.315875672729177 , 123.97913450866376 , 100000
Nova Lisboa( NOV ), -12.802541457591508 , 15.749761845959533 , 100000
Eppley Airfield( OMA ), 41.29971114530123 , -95.89941579531211 , 100000
Nome( OME ), 64.50722070266309 , -165.44164171228104 , 100000
Ouagadougou( OUA ), 12.353580026047329 , -1.513805361651135 , 100000
Mais Gate Int'l( PAP ), 18.57568290542864 , -72.29447802604733 , 100000
Puebla( PBC ), 19.16379354658405 , -98.37575979042302 , 100000
Portland Int'l( PDX ), 45.58895693153053 , -122.5927388812541 , 100000
Perth Int'l( PER ), -31.941129794578288 , 115.9742249422326 , 100000
H F Verwoerd( PLZ ), -33.98408774313735 , 25.611777756760176 , 100000
El Tepual Int'l( PMC ), -41.433382070226884 , -73.09838413364236 , 100000
Pochentong( PNH ), 11.552644917651318 , 104.84502761245697 , 100000
Pune( PNQ ), 18.579176611532837 , 73.90898381100165 , 100000
Port Moresby Int'l( POM ), -9.43865269316142 , 147.21125085597714 , 100000
Tocumen Int'l( PTY ), 9.066872422658388 , -79.38713482154378 , 100000
Carlos Ibanez de Campo Int'l( PUQ ), -53.005069825517666 , -70.84312378513243 , 100000
Durham Int'l( RDU ), 35.8752323452255 , -78.79138140067508 , 100000
Mingaladon( RGN ), 16.90115428182508 , 96.13419461149468 , 100000
Riga( RIX ), 56.922003878609694 , 23.979379111699508 , 100000
Sanaa Int'l( SAH ), 15.47390277557374 , 44.22464679025606 , 100000
Baghdad Int'l( SDA ), 33.26816298637704 , 44.22891253529416 , 100000
De Las Americas Int'l( SDQ ), 18.430219694817325 , -69.67647267546673 , 100000
Tan Son Nhat( SGN ), 10.816300557187912 , 106.66424614137476 , 100000
Thessaloniki( SKG ), 40.52387368877751 , 22.976435361061277 , 100000
Vrazhdebna( SOF ), 42.6891841273195 , 23.402452135770766 , 100000
Surat( STV ), 21.120450329717173 , 72.74243843725891 , 100000
Nausori Int'l( SUV ), -18.045899692285367 , 178.5600483699593 , 100000
Shiraz Int'l( SYZ ), 29.545801384287437 , 52.58977127452107 , 100000
Gen Francisco J Mina Int'l( TAM ), 22.289331952506398 , -97.8698137568394 , 100000
Toncontin Int'l( TGU ), 14.0599852192071 , -87.21921163489864 , 100000
Mehrabad Int'l( THR ), 35.69137433049459 , 51.32080697175721 , 100000
Tirane Rinas( TIA ), 41.4208514680567 , 19.71503240497222 , 100000
General Abelardo L Rodriguez Int'l( TIJ ), 32.54604991350133 , -116.97547609559751 , 100000
Jose Maria Morelos Y Pavon( TLC ), 19.338688042303197 , -99.5706494463542 , 100000
Ulemiste( TLL ), 59.41650146974512 , 24.798964869982985 , 100000
Ben Gurion( TLV ), 32.000746850184434 , 34.87084991809952 , 100000
Sao Tome Salazar( TMS ), 0.374744213699427 , 6.712821930056672 , 100000
Antananarivo Ivato( TNR ), -18.799334876308173 , 47.47535400095789 , 100000
Tampa Int'l( TPA ), 27.980040085218384 , -82.534824252055 , 100000
Zim Valencia( VLN ), 10.15400568839794 , -67.9223617121873 , 100000
Gumrak( VOG ), 48.79167646576109 , 44.354767968489014 , 100000
Vientiane( VTE ), 17.975459594832063 , 102.5682381957277 , 100000
Viru Viru Int'l( VVI ), -17.647946825783897 , -63.14038882182134 , 100000
Wellington Int'l( WLG ), -41.32898918446593 , 174.81166526823756 , 100000
Prince Rupert( YPR ), 54.292 , -130.445587 , 100000
Windsor( YQG ), 42.265878472719756 , -82.96008773894485 , 100000
Regina( YQR ), 50.433219286718334 , -104.65543397537115 , 100000
Vancouver Int'l( YVR ), 49.19355903957153 , -123.18086700381177 , 100000
Winnipeg Int'l( YWG ), 49.90333024716708 , -97.22676948095848 , 100000
John G Diefenbaker Int'l( YXE ), 52.170143944738115 , -106.69018196755394 , 100000
Whitehorse Int'l( YXY ), 60.714152148139725 , -135.07621008940154 , 100000
Calgary Int'l( YYC ), 51.130857256754865 , -114.01056050023648 , 100000
Charlottetown( YYG ), 46.28581313675246 , -63.131234133323375 , 100000
Churchill( YYQ ), 58.7497237849788 , -94.0813639506318 , 100000
St John's Int'l( YYT ), 47.61311790079545 , -52.743333742863804 , 100000
Yellowknife( YZF ), 62.470737361020184 , -114.43784633504919 , 100000
Zagreb( ZAG ), 45.73332667309836 , 16.061513800901448 , 100000
Zanzibar( ZNZ ), -6.218570346202824 , 39.22233198415581 , 100000
Reykjavik Air Terminal( REK ), 64.13187286099006 , -21.94663440313274 , 100000
Arkhangelsk-Talagi( ARH ), 64.59674377304546 , 40.71334656945939 , 100000
Kazan Int'l( KZN ), 55.60806014297645 , 49.29844580364066 , 100000
Paris Orly( ORY ), 48.73130304580517 , 2.367379127837731 , 100000
Quebec( YQB ), 46.79156843633076 , -71.38392807117314 , 100000
Montreal-Trudeau( YUL ), 45.45835122945313 , -73.74931626504166 , 100000
Narita Int'l( NRT ), 35.764056072782786 , 140.3844017091791 , 100000
Chubu Centrair Int'l( NGO ), 34.85902969581623 , 136.81477128682428 , 100000
Okadama( OKD ), 43.11064959909785 , 141.38210045007517 , 100000
Bergen Flesland( BGO ), 60.28906105029659 , 5.227253115623363 , 100000
Tromso Langnes( TOS ), 69.67967904734776 , 18.907262429213173 , 100000
Val de Caes Int'l( BEL ), -1.389746287955464 , -48.479560289379336 , 100000
Campo Grande Int'l( CGR ), -20.45727173603113 , -54.66894987813051 , 100000
Afonso Pena Int'l( CWB ), -25.536000143055837 , -49.173709366346884 , 100000
Pinto Martins Int'l( FOR ), -3.778594962330909 , -38.540747249833416 , 100000
Sao Paulo-Guarulhos Int'l( GRU ), -23.42611557704206 , -46.48175360884203 , 100000
Santa Genoveva( GYN ), -16.632366572163658 , -49.22664649059936 , 100000
Salgado Filho Int'l( POA ), -29.990193017060918 , -51.17704094881724 , 100000
Gilberto Freyre Int'l( REC ), -8.131625530762387 , -34.91826671748514 , 100000
Deputado Luis Eduardo Magalhaes Int'l( SSA ), -12.914361497032587 , -38.3347989911732 , 100000
El Plumerillo( MDZ ), -32.82780016927193 , -68.79848383944727 , 100000
Eduardo Gomes Int'l( MAO ), -3.032139006259097 , -60.04606458988538 , 100000
Yaounde Nsimalen Int'l( NSI ), 3.714845207081258 , 11.547994139680723 , 100000
Shanghai Pudong Int'l( PVG ), 31.152309029553294 , 121.80151876057847 , 100000
Marka Int'l( ADJ ), 31.97419940154417 , 35.984105236244915 , 100000
Male Int'l( MLE ), 4.188700903233721 , 73.52739028368441 , 100000
Gen. Heriberto Jara Int'l( VER ), 19.142423702501713 , -96.18357021436948 , 100000
Osvaldo Vieira Int'l( OXB ), 11.888923145485485 , -15.651185561666004 , 100000
Francisco Bangoy Int'l( DVO ), 7.130537461630729 , 125.64506660943381 , 100000
Seychelles Int'l( SEZ ), -4.671069141785209 , 55.51155192467932 , 100000
Leopold Sedar Senghor Int'l( DKR ), 14.745630614674791 , -17.490407907719003 , 100000
Port Sudan New Int'l( PZU ), 19.434105238523106 , 37.23874759810247 , 100000
Tashkent Int'l( TAS ), 41.26223387673829 , 69.26661372411293 , 100000
Copenhagen( CPH ), 55.628501722152784 , 12.64935086845077 , 100000
Aeroportul National Bucuresti-Baneasa( BBU ), 44.49704145597203 , 26.085725158776373 , 100000
Ferihegy( BUD ), 47.43327426924795 , 19.26223016778808 , 100000
Chongqing Jiangbei Int'l( CKG ), 29.724042224168777 , 106.63801970481096 , 100000
Douglas Int'l( CLT ), 35.220428168559714 , -80.94392773427626 , 100000
Detroit Metro( DTW ), 42.22572045080041 , -83.3478935065615 , 100000
Dublin( DUB ), 53.42700828497004 , -6.243884910371394 , 100000
Fairbanks Int'l( FAI ), 64.81809811173692 , -147.86572112079517 , 100000
Hamburg( HAM ), 53.63200116408658 , 10.005647830925001 , 100000
Kuala Lumpur Int'l( KUL ), 2.747512957918107 , 101.71388632574273 , 100000
Mccarran Int'l( LAS ), 36.08496023833674 , -115.15132395128332 , 100000
Orlando Int'l( MCO ), 28.431150679113763 , -81.30737133079849 , 100000
Minneapolis St. Paul Int'l( MSP ), 44.882026363196815 , -93.20810037183008 , 100000
Franz-Josef-Strauss( MUC ), 48.35383739616085 , 11.788062719243687 , 100000
Philadelphia Int'l( PHL ), 39.876087236427 , -75.2429857676998 , 100000
Sky Harbor Int'l( PHX ), 33.43586076394977 , -112.01363529772982 , 100000
Salt Lake City Int'l( SLC ), 40.786729005370844 , -111.98198487999271 , 100000
Lambert St Louis Int'l( STL ), 38.742716315520354 , -90.36595453506747 , 100000
Okecie Int'l( WAW ), 52.171026749259035 , 20.97272633835865 , 100000
Zurich Int'l( ZRH ), 47.45238950649155 , 8.562212795347646 , 100000
Gosselies( CRL ), 50.45712965495668 , 4.454373629816502 , 100000
Munich Freight Terminal( MUCf ), 48.349796407837665 , 11.769482859365427 , 100000
Barcelona( BCN ), 41.30315527974634 , 2.078003349812917 , 100000
Ruzyn( PRG ), 50.10765117036714 , 14.267484985407632 , 100000
Hong Kong Int'l( HKG ), 22.315332828086753 , 113.93501638737635 , 100000
Taoyuan( TPE ), 25.076741104334637 , 121.23137045332327 , 100000
Schiphol( AMS ), 52.30893238898217 , 4.764376932328117 , 100000
Singapore Changi( SIN ), 1.356160835281264 , 103.98641388099333 , 100000
London Heathrow( LHR ), 51.47099587999384 , -0.453156652063309 , 100000
Auckland Int'l( AKL ), -37.00635511428146 , 174.79171943371517 , 100000
Anchorage Int'l( ANC ), 61.17289367453669 , -149.9817251006328 , 100000
Hartsfield-Jackson Atlanta Int'l( ATL ), 33.64052908073521 , -84.42539743360473 , 100000
Beijing Capital( PEK ), 40.07876633633102 , 116.58817400466103 , 100000
Eldorado Int'l( BOG ), 4.69883276192097 , -74.14337180010278 , 100000
Chhatrapati Shivaji Int'l( BOM ), 19.095101948840245 , 72.87456395000508 , 100000
Gen E L Logan Int'l( BOS ), 42.366565819850564 , -71.01640661729584 , 100000
Baltimore-Washington Int'l Thurgood Marshall( BWI ), 39.17939435835678 , -76.66864283524481 , 100000
Cairo Int'l( CAI ), 30.11199043855749 , 31.39974300671137 , 100000
Casablanca-Anfa( CAS ), 33.56278838510788 , -7.663218807711428 , 100000
Simon Bolivar Int'l( CCS ), 10.597354914606406 , -67.00574880763165 , 100000
Cape Town Int'l( CPT ), -33.97044661203954 , 18.597656508313793 , 100000
Chengdushuang Liu( CTU ), 30.581071264746427 , 103.95613648169501 , 100000
Indira Gandhi Int'l( DEL ), 28.559203976058605 , 77.0878362565332 , 100000
Denver Int'l( DEN ), 39.84946138815095 , -104.67379733854197 , 100000
Dallas-Ft. Worth Int'l( DFW ), 32.90015055948155 , -97.04037107411442 , 100000
Don Muang Int'l( DMK ), 13.920276601034733 , 100.60257862650514 , 100000
Dubai Int'l( DXB ), 25.25256559381816 , 55.35407691722429 , 100000
Newark Int'l( EWR ), 40.69047982789292 , -74.1771472796706 , 100000
Ministro Pistarini Int'l( EZE ), -34.81364693803232 , -58.54124569393822 , 100000
Fort Lauderdale Hollywood Int'l( FLL ), 26.07170957468273 , -80.14525884651891 , 100000
George Bush Intercontinental( IAH ), 29.9865909034907 , -95.33370479129466 , 100000
Ataturk Hava Limani( IST ), 40.977838817779705 , 28.8195493087893 , 100000
OR Tambo Int'l( JNB ), -26.13209539948872 , 28.23198856487408 , 100000
Juneau Int'l( JNU ), 58.358944104595075 , -134.5835730378724 , 100000
Los Angeles Int'l( LAX ), 33.94417425435857 , -118.40246854852198 , 100000
Linate( LIN ), 45.46039384562522 , 9.279966296910612 , 100000
Melbourne Int'l( MEL ), -37.66994119678927 , 144.84899809113125 , 100000
Lic Benito Juarez Int'l( MEX ), 19.435469572049442 , -99.08260795142392 , 100000
Ninoy Aquino Int'l( MNL ), 14.506832376296721 , 121.00412208343747 , 100000
Jomo Kenyatta Int'l( NBO ), -1.330529643506341 , 36.92508874903655 , 100000
Honolulu Int'l( HNL ), 21.33202231502399 , -157.91978317375475 , 100000
Chicago O'Hare Int'l( ORD ), 41.97652910238031 , -87.90513439065003 , 100000
King Khalid Int'l( RUH ), 24.959031743651174 , 46.701829023464015 , 100000
Arturo Merino Benitez Int'l( SCL ), -33.396833634259714 , -70.79368601629741 , 100000
Seattle-Tacoma Int'l( SEA ), 47.44358191272591 , -122.30228972292387 , 100000
San Francisco Int'l( SFO ), 37.61702508680535 , -122.38347034444935 , 100000
Hongqiao( SHA ), 31.187257431407843 , 121.34118378856714 , 100000
Sheremtyevo( SVO ), 55.96644717251199 , 37.41596903484135 , 100000
Toronto-Pearson Int'l( YYZ ), 43.68095951863564 , -79.61141932474486 , 100000
Kingsford Smith( SYD ), -33.936583205771655 , 151.16606730560102 , 100000
Helsinki Vantaa( HEL ), 60.31871589129821 , 24.968207866591406 , 100000
Charles de Gaulle Int'l( CDG ), 49.01442009693855 , 2.541867767394573 , 100000
Berlin-Tegel Int'l( TXL ), 52.55442870441009 , 13.2903090925074 , 100000
Vienna Schwechat Int'l( VIE ), 48.119756305253766 , 16.560767964212864 , 100000
Frankfurt Int'l( FRA ), 50.05067708952074 , 8.571822869076076 , 100000
Leonardo da Vinci Int'l( FCO ), 41.795078630739425 , 12.250100897363827 , 100000
Osaka Int'l( ITM ), 34.790198084874866 , 135.4424752562494 , 100000
Gimpo Int'l( GMP ), 37.55730053995078 , 126.80239286027584 , 100000
Oslo Gardermoen( OSL ), 60.193578317138616 , 11.099103276258118 , 100000
Juscelino Kubitschek Int'l( BSB ), -15.869998500282428 , -47.92078851336254 , 100000
Congonhas Int'l( CGH ), -23.626858827009997 , -46.659115530219566 , 100000
Rio de Janeiro-Antonio Carlos Jobim Int'l( GIG ), -22.812343712500642 , -43.248381379068306 , 100000
Madrid Barajas( MAD ), 40.46812827339225 , -3.569026654588628 , 100000
Luis Munoz Marin( SJU ), 18.43807707349493 , -66.00422997575475 , 100000
Arlanda( ARN ), 59.65112033973721 , 17.930729901691585 , 100000
Soekarno-Hatta Int'l( CGK ), -6.126602955972902 , 106.65429615117164 , 100000
Eleftherios Venizelos Int'l( ATH ), 37.93623312992537 , 23.94711605540731 , 100000
Tokyo Int'l( HND ), 35.54906083194637 , 139.7840464296291 , 100000
Suvarnabhumi Airport( BKK ), 13.692611677022558 , 100.75091020110649 , 100000