2s1,10061000001205000000
2s6,10061000001205000000
a-160,10030100001104000000
a50,10060100001101160000
aa-2_missile,10060200001100000000
aa-3_missile,10060200001100000000
aa-5_missile,10060200001100000000
aa-6_missile,10060200001100000000
aa-7_missile,10060200001100000000
aa-8_missile,10060200001100000000
aaa,10031000001301000000
aaa_sm_twd,10031000001301000000
aaa_sp,10031000001301000000
aaa_twd,10031000001301000000
aam,10030200001100000101
abn_cmdr,10030100001101150000
abn_jammer,10030100001101330000
after_burner,10030100000000000000
agm-109,10030200001100000102
agm109,10030200001100000102
aim-120,10030200001100000101
aim-120b,10030200001100000101
aim-120c,10030200001100000101
aim-9,10030200001100000101
aim-9m,10030200001100000101
aim-9x,10030200001100000101
aim120,10030200001100000101
aim120b,10030200001100000101
aim120c,10030200001100000101
aim7,10030200001100000101
aim9,10030200001100000101
aim9m,10030200001100000101
aim9x,10030200001100000101
airbase,10032000000000000000
airliner,10030100001201000000
alcm,10030200001100000700
amraam,10030200001100000101
apache,10030100001102000100
av-8,10030100001101140000
awacs,10030100001101160000
b-1,10030100001101030000
b-2,10030100001101030000
b-52,10030100001101030000
b-52h,10030100001101030000
b-747,10030100001201000000
b2,10030100001101030000
b52,10030100001101030000
b52k,10030100001101030000
b767,10030100001201000000
b777,10030100001201000000
badger,10060100001101030000
bar_lock,10061000001512000000
bear,10060100001101030000
big_bird,10061000001512000000
big_bird_radar,10061000001512000000
bill_board,00000000000000000000
bmp-2,10061000001211000000
bomb,00000000000000000000
bomber,10030100001101030000
bomber-a,10030100001101030000
bomber-b,10030100001101030000
brdm,10061000001211000000
btr-60,10061000001211000000
btr-70,10061000001211000000
bullseye,00000000000000000000
bullseye_team,00000000000000000000
c-130,10030100001101070000
c-17,10030100001101070000
c130,10030100001101070000
c4i,10031000001100000000
calcm,10030200001100000700
car,00000000000000000000
carrier,10033000001201000000
ch-47,10030100001102000000
chaff,00000000000000000000
chair_back,00000000000000000000
chinook,10030100001102000000
close-sam,00000000000000000000
close-sam_cdr,00000000000000000000
cloud,00000000000000000000
cmd_post,10031000001100000000
comm_truck_icon,10031000001100000000
command_truck,10031000001100000000
command_vehicle_icon,10031000001100000000
cruise-missile,10030200001100000700
cruise_missile,10030200001100000700
cruiser,10033000001202020000
cruiser-a,10033000001202020000
crw,00000000000000000000
cubesat,10030500001106000000
cubesat2,10030500001106000000
custom_marker_weapon_hit,00000000000000000000
custom_markerdamaged,00000000000000000000
custom_markerremoved,00000000000000000000
custom_markerweapon_hit,00000000000000000000
custom_markerweapon_missed,00000000000000000000
customtrackmodel,00000000000000000000
ddg,10063000001202030000
demo_tank,10031000001205000000
df-21_missile,10060200001100000713
dog_ear,10061000001512000000
drone,10060100001103000000
e-2c,10030100001101160000
e-3,10030100001101160000
e-3c,10030100001101160000
e2,10030100001101160000
e3,10030100001101160000
e3_awacs,10030100001101160000
e3c,10030100001101160000
ea-18,10030100001101330000
ea-18g,10030100001101330000
ea-6b,10030100001101330000
ea18,10030100001101330000
eagle,10030100001101040000
elr_missile_icon,10060200001100000000
elr_sam_acq_radar_icon,10061000001504000000
elr_sam_launcher_icon,10061000001301000000
elr_sam_ttr_radar_icon,10061000001504000000
eurofighter,10030100001101040000
ew/gci,10061000001512000000
ew_radar_icon,10061000001505000000
ew_template,10061000001505000000
f-10,10030100001101040000
f-117,10030100001101040000
f-15,10030100001101040000
f-15c,10030100001101040000
f-15e,10030100001101040000
f-16,10030100001101040000
f-16c,10030100001101040000
f-18,10030100001101040000
f-18c,10030100001101040000
f-18e,10030100001101040000
f-18f,10030100001101040000
f-22,10030100001101040000
f-35,10030100001101040000
f-35a,10030100001101040000
f-4,10030100001101040000
f-8ii,10030100001101040000
f15c,10030100001101040000
f15e,10030100001101040000
f16,10030100001101040000
f16_aj,10030100001101040000
f16_wp,10030100001101040000
f16_ww,10030100001101040000
f22,10030100001101040000
f22_zh,10030100001101040000
f35,10030100001101040000
f35_nb,10030100001101040000
fan_song,00000000000000000000
fighter,10030100001101040000
flanker,10060100001101040000
flap_lid,10061000001505000000
flare,00000000000000000000
flat_face,10061000001505000000
ftr/bmbr,10030100001101050000
ftr/bomber,10030100001101050000
fuel-tank-370g,00000000000000000000
fuel-tank-600g,00000000000000000000
fuel_truck,00000000000000000000
fulcrum,10030100001101040000
geo-sat,10030500001106000000
global_hawk,10030100001103001800
globalhawk,10030100001103001800
gps,10030500001106000000
gps-block-iif,10030500001106000000
grill_pan,10061000001505000000
ground_radar,10031000001802000000
growler,10030100001101330000
h-6,10060100001101030000
h6,10060100001101030000
harm,10030200001100000102
harpoon,10030200001100000102
height_finder,00000000000000000000
hello,00000000000000000000
human,10031100001100000000
hummvee,00000000000000000000
infantry,10031000001211000000
intcp-a,00000000000000000000
intcp-b,00000000000000000000
iridium,10030500001106000000
iridium-next,10030500001106000000
j-10,10030100001101040000
j-11,10030100001101040000
j10,10030100001101040000
j11,10030100001101040000
j11_dk,10030100001101040000
j11_lt,10030100001101040000
jassm,10030200001100000715
jast,10060200001100000000
jdam,10030200001100000102
jiangkai,10063000001202040000
jiangwei,10063000001202040000
jsf,10030100001101040000
jsow,10030200001100000102
jstars,10030100001101110000
ka-6,10030100001101020000
kc-135,10030100001101090000
kc-46,10030100001101070000
kc-46-ext,10030100001101070000
kc46,10030100001101070000
kc46_jm,10030100001101070000
kc46ext,10030100001101070000
kc46ext_jm,10030100001101070000
kirov,10063000001202020000
lcaat,10030100001103000000
leo-sat,10030500001106000000
lha,00000000000000000000
long_track,10061000001505000000
low_blow,10061000001505000000
lr_missile_icon,10060200001100000000
lr_sam_acq_radar_icon,10061000001504000000
lr_sam_launcher_icon,10061000001301000000
lr_sam_ttr_radar_icon,10061000001504000000
luhu,10063000001202030000
luyang,10063000001202030000
luzhou,10063000001202030000
m1a1,10031000001205000000
m2a,10031000001205000000
mald,10030100001302000000
marker,00000000000000000000
maverick,10030200001100000102
mig,10060100001101040000
mig-21,10060100001101040000
mig-25,10060100001101040000
mig-29,10060100001101040000
mig29_iriaf,10060100001101040000
mig29_nk,10060100001101040000
mig29_rus,10060100001101040000
mirage,10060100001101040000
missile,10060200001100000000
mistral_missile,10060200001100000000
mk-82,10030200001100000102
mk82,10030200001100000102
mk82-hd,10030200001100000102
mk82-hd-ballute,10030200001100000102
mk82_hd,10030200001100000102
mk82_hd_ballute,10030200001100000102
mma,00000000000000000000
mq-1,10030100001103001800
mq-9,10030100001103001800
mr_missile_icon,10060200001100000000
mr_sam_launcher_icon,10061000001301000000
mr_sam_ttr_radar_icon,10061000001504000000
namp,00000000000000000000
nimitz,10033000001202020000
p3,10031000001301030000
pac-3_ecs,10031000001301030000
pac-3_launcher,10031000001301030000
pac-3_missile,10030200001100000007
pentagon,10031000000000000000
phased_ew,10031000001802000000
pickup_truck,10031100001100000000
pickup_truck_hmg,10031100001100000000
poi,00000000000000000000
predator,10030100001103001800
rafale,10030100001101040000
rafale_icon,10030100001101040000
raptor,10030100001101040000
reaper,10030100001103001800
rocket,00000000000000000000
roland,10061000001301000000
rosetta_satellite,10030500001106000000
rq-4,10030100001103001800
runway,10031000000000000000
sa-10_launcher,10061000001301000000
sa-10_missile,10060200001100000201
sa-11_launcher,10061000001301000000
sa-11_missile,10060200001100000201
sa-12_missile,10060200001100000201
sa-13_launcher,10061000001301000000
sa-13_missile,10060200001100000201
sa-15_launcher,10061000001301000000
sa-15_missile,10060200001100000201
sa-17_launcher,10061000001301000000
sa-17_missile,10060200001100000201
sa-18_missile,10060200001100000201
sa-19_launcher,10061000001301000000
sa-19_missile,10060200001100000201
sa-2_launcher,10061000001301000000
sa-2_missile,10060200001100000201
sa-3_launcher,10061000001301000000
sa-3_missile,10060200001100000201
sa-4_launcher,10061000001301000000
sa-4_missile,10060200001100000201
sa-6_launcher,10061000001301000000
sa-6_missile,10060200001100000201
sa-8_launcher,10061000001301000000
sa-8_missile,10060200001100000201
sa-n-3_missile,10060200001100000201
sa12a_launcher,10061000001301000000
sa12b_launcher,10061000001301000000
sa_template,10031000000000000000
sam-a,10060200001100000201
sam-a_missile,10060200001100000201
sam-b,10060200001100000201
sam-b_cdr,10061000001301000000
sam_battalion,10061000001301000000
sam_btry,10061000001301000000
sam_rgt,10061000001301000000
satellite,10030500001106000000
school_bus,10031100001100000000
scud_launcher,10061000001301000000
scud_missile,10060200001100000201
semi,10031100001100000000
sentry,10031000000000000000
ship,10033000000000000000
sovremennyy,00000000000000000000
space_shuttle,10030500001201000000
space_shuttle_atlantis,10030500001201000000
sr_missile_icon,10060200001100000000
sr_sam_telar_icon,10061000001504000000
stereo_satellite,10030500001106000000
straight_flush,10061000001505000000
strike-eagle,10030100001101040000
su-27,10060100001101040000
su-30,10060100001101040000
su-35,10060100001101040000
su27,10060100001101040000
su27_dk,10060100001101040000
su27_lt,10060100001101040000
su27_wht,10060100001101040000
submarine,10033500001101000000
sukhoi,10060100001101040000
t-72,10061000001205000000
tank,10061000001205000000
tanker,10030100001101090000
target,00000000000000000000
tbm_launcher,10061000001301000000
tbm_launcher_icon,10061000001301000000
tbm_missile_icon,10060200001100000000
tnk-f15c-600g,00000000000000000000
tnk-f15e-600g,00000000000000000000
tnk-f16-370g,00000000000000000000
tomb_stone_radar,10061000001505000000
tower,00000000000000000000
trawler,10033000000000000000
truck_radar,10061000001505000000
tu-16,10060100001101030000
tu-95,10060100001101030000
tu16,10060100001101030000
tu95,10060100001101030000
twin_box,10061000001505000000
typhoon,10031000001301000000
u-2,10030100001101110000
ucav,10030100001103000000
ucav_navy,10030100001103000000
unknown,00000000000000000000
uta_jam,00000000000000000000
uta_strike,00000000000000000000
v22,10030100001102000000
viper,10030100001102000100
waypoint,00000000000000000000
waypoint_left,00000000000000000000
waypoint_offset,00000000000000000000
waypoint_right,00000000000000000000
waypoint_turn,00000000000000000000
weasel,10031000001205020000
wedge,00000000000000000000
wgs-sat,10030500001106000000
x-45c,10030100001103000000
x_marker,00000000000000000000
zell-booster,00000000000000000000
zsu-23-4,10061000001301000000
zu-23,10061000001301000000
zuni,00000000000000000000
